{
    "sProcessing":     "Procesando...",
    "sLengthMenu":     "Mostrar _MENU_ registros",
    "sZeroRecords":    "No se encontraron resultados",
    "sEmptyTable":     "No hay registros cargados",
    "sInfo":           "Viendo _START_ de _END_ de un total de _TOTAL_ entradas",
    "sInfoEmpty":      "Viendo 0 de 0 de un total de 0 entradas",
    "sInfoFiltered":   "(filtrado de un total de _MAX_ entradas)",
    "sInfoPostFix":    "",
    "sSearch":         "Buscar:",
    "sUrl":            "",
    "sInfoThousands":  ",",
    "sLoadingRecords": "Cargando...",
    "oPaginate": {
        "sFirst":    "Primero",
        "sLast":     "Último",
        "sNext":     "Siguiente",
        "sPrevious": "Anterior"
    },
    "oAria": {
        "sSortAscending":  ": Activar para ordenar la columna de manera ascendente",
        "sSortDescending": ": Activar para ordenar la columna de manera descendente"
    },
    "buttons": {
        "copy": "Copiar",
        "colvis": "Visibilidad"
    }
}